,vpn,updated_id
0,720575940631783372,720575940631783372
1,720575940618869249,720575940618869249
2,720575940632219361,720575940632219361
3,720575940618422941,720575940618422941
4,720575940609329102,720575940609329102
5,720575940619676507,720575940619676507
6,720575940619522974,720575940619522974
7,720575940615713478,720575940615713478
8,720575940632226897,720575940632226897
9,720575940622350550,720575940622350550
10,720575940603976672,720575940603976672
11,720575940618810533,720575940618810533
12,720575940631611679,720575940631611679
13,720575940632652319,720575940632652319
14,720575940616054834,720575940616054834
15,720575940615438495,720575940615438495
16,720575940630914245,720575940630914245
17,720575940635718255,720575940635718255
18,720575940620343345,720575940620343345
19,720575940631718930,720575940631718930
20,720575940630124050,720575940630124050
21,720575940618445497,720575940618445497
22,720575940623943404,720575940623943404
23,720575940625025680,720575940625025680
24,720575940637736006,720575940637736006
25,720575940632070370,720575940632070370
26,720575940619421319,720575940619421319
27,720575940610389602,720575940610389602
28,720575940616070283,720575940616070283
29,720575940621268651,720575940621268651
30,720575940640278387,720575940640278387
31,720575940640715392,720575940640715392
32,720575940613103283,720575940640836952
33,720575940622446106,720575940622446106
34,720575940609627403,720575940609627403
35,720575940621438123,720575940625459464
36,720575940634128063,720575940634128063
37,720575940647731252,720575940647731252
38,720575940621894822,720575940632489743
39,720575940606259134,720575940640884899
40,720575940653433590,720575940653433590
41,720575940638874182,720575940638874182
42,720575940615149836,720575940615149836
43,720575940622227213,720575940622227213
44,720575940634935065,720575940634935065
45,720575940611294562,720575940611294562
46,720575940616412738,720575940616412738
47,720575940635142300,720575940635142300
48,720575940613941475,720575940613941475
49,720575940633292113,720575940633292113
50,720575940614483887,720575940632823144
51,720575940612495331,720575940612495331
52,720575940631763909,720575940631763909
53,720575940641501648,720575940641501648
54,720575940632171535,720575940632171535
55,720575940629984335,720575940617910667
56,720575940620321739,720575940620321739
57,720575940623979914,720575940623979914
58,720575940624982456,720575940624982456
59,720575940637460069,720575940637460069
60,720575940647804212,720575940647804212
61,720575940605184958,720575940605184958
62,720575940640541347,720575940640541347
63,720575940626497286,720575940626497286
64,720575940625055758,720575940615212851
65,720575940639948733,720575940639948733
66,720575940620744907,720575940620744907
67,720575940612925146,720575940612925146
68,720575940611014570,720575940611014570
69,720575940614374034,720575940614374034
70,720575940624951847,720575940624951847
71,720575940629728811,720575940629728811
72,720575940633617377,720575940606769854
73,720575940626248250,720575940626248250
74,720575940626083356,720575940626083356
75,720575940620745069,720575940620745069
76,720575940638124376,720575940638124376
77,720575940612277490,720575940612277490
78,720575940618110621,720575940618110621
79,720575940621887197,720575940621887197
80,720575940607052418,720575940607052418
81,720575940630312954,720575940630312954
82,720575940616927060,720575940640318517
83,720575940628913920,720575940628913920
84,720575940638558115,720575940638558115
85,720575940632401745,720575940632401745
86,720575940627715721,720575940627715721
87,720575940626019197,720575940626019197
88,720575940655593121,720575940655593121
89,720575940611530213,720575940611530213
90,720575940606531505,720575940606531505
91,720575940632052194,720575940632052194
92,720575940626701886,720575940626701886
93,720575940625092414,720575940625092414
94,720575940643862820,720575940643862820
95,720575940647159428,720575940647159428
96,720575940603886880,720575940603886880
97,720575940630434858,720575940630434858
98,720575940619068843,720575940619068843
99,720575940624587447,720575940624587447
100,720575940631023159,720575940631023159
101,720575940641285005,720575940641285005
102,720575940629259831,720575940629259831
103,720575940639910515,720575940639910515
104,720575940620826571,720575940620826571
105,720575940615691348,720575940615691348
106,720575940622984701,720575940622984701
107,720575940606584352,720575940606584352
108,720575940618774301,720575940618774301
109,720575940615799263,720575940637667726
110,720575940625790904,720575940625790904
111,720575940620464331,720575940620464331
112,720575940617386309,720575940617386309
113,720575940624473904,720575940624473904
114,720575940628139113,720575940628139113
115,720575940624278057,720575940617101580
116,720575940630585704,720575940630585704
117,720575940622891242,720575940622891242
118,720575940619677854,720575940619677854
119,720575940631807827,720575940631807827
120,720575940645913367,720575940645913367
121,720575940626849866,720575940626849866
122,720575940627704189,720575940627704189
123,720575940620455408,720575940620455408
124,720575940632894239,720575940632894239
125,720575940626874442,720575940626874442
126,720575940625610270,720575940625610270
127,720575940628356666,720575940628356666
128,720575940639874493,720575940639874493
129,720575940621257381,720575940621257381
130,720575940638406205,720575940638406205
131,720575940624236543,720575940624236543
132,720575940631536415,720575940631536415
133,720575940633324627,720575940633324627
134,720575940633675603,720575940633675603
135,720575940611297070,720575940611297070
136,720575940609141257,720575940609141257
137,720575940635489387,720575940635489387
138,720575940611532408,720575940611532408
139,720575940608287701,720575940608287701
140,720575940631855447,720575940631855447
141,720575940618159197,720575940630247579
142,720575940631672632,720575940631672632
143,720575940632042065,720575940632042065
144,720575940624488629,720575940615103151
145,720575940635102320,720575940635102320
146,720575940604030176,720575940604030176
147,720575940638336419,720575940638336419
148,720575940630204098,720575940630204098
149,720575940619685803,720575940619685803
150,720575940622511507,720575940622511507
151,720575940638126755,720575940638126755
152,720575940622321663,720575940622321663
153,720575940607641867,720575940607641867
154,720575940623230733,720575940623230733
155,720575940611439587,720575940611439587
156,720575940628530426,720575940628530426
157,720575940610026947,720575940610026947
158,720575940622497791,720575940622497791
159,720575940622723878,720575940622723878
160,720575940605007550,720575940605007550
161,720575940626342666,720575940626342666
162,720575940629515258,720575940629515258
163,720575940609548920,720575940609548920
164,720575940611826073,720575940611826073
165,720575940613488815,720575940613488815
166,720575940627179270,720575940627179270
167,720575940628545406,720575940628545406
168,720575940618860081,720575940618860081
169,720575940605478590,720575940605478590
170,720575940626257930,720575940626257930
171,720575940619395777,720575940619395777
172,720575940612228630,720575940612228630
173,720575940637769542,720575940637769542
174,720575940632802841,720575940632802841
175,720575940617005888,720575940617317819
176,720575940612896485,720575940612896485
177,720575940625571256,720575940625571256
178,720575940611623397,720575940611623397
179,720575940604426412,720575940604426412
180,720575940612672881,720575940612672881
181,720575940619008135,720575940619008135
182,720575940617473419,720575940617473419
183,720575940651619318,720575940651619318
184,720575940608601412,720575940608601412
185,720575940611138002,720575940611138002
186,720575940613411954,720575940613411954
187,720575940616739677,720575940616739677
188,720575940617589716,720575940617589716
189,720575940618314786,720575940618314786
190,720575940631670725,720575940631670725
191,720575940619488390,720575940619488390
192,720575940621111465,720575940621111465
193,720575940628147906,720575940628147906
194,720575940636885871,720575940636885871
195,720575940638730303,720575940638730303
196,720575940639850037,720575940639850037
197,720575940640747995,720575940640747995
198,720575940631258285,720575940628788552
199,720575940626577490,720575940626577490
200,720575940612422037,720575940616394719
201,720575940623038389,720575940623038389
202,720575940623725036,720575940623725036
203,720575940629795331,720575940629795331
204,720575940636189295,720575940636189295
205,720575940634171759,720575940634171759
206,720575940622810119,720575940622810119
207,720575940618601473,720575940625663468
208,720575940621065712,720575940621065712
209,720575940624919079,720575940624919079
210,720575940627412123,720575940627412123
211,720575940615612822,720575940615612822
212,720575940622404376,720575940622404376
213,720575940613456242,720575940647463459
214,720575940618270498,720575940618270498
215,720575940653299617,720575940653299617
216,720575940611112818,720575940611112818
217,720575940645834036,720575940645834036
218,720575940616588217,720575940622862324
219,720575940605582508,720575940605582508
220,720575940623401513,720575940623401513
221,720575940614722611,720575940614722611
222,720575940624718153,720575940624718153
223,720575940630709499,720575940630709499
224,720575940623574798,720575940623574798
225,720575940636163440,720575940636163440
226,720575940636282431,720575940636282431
227,720575940633428415,720575940633428415
228,720575940610767066,720575940610767066
229,720575940630342135,720575940630342135
230,720575940611317618,720575940611317618
231,720575940631785261,720575940631785261
232,720575940613004207,720575940613004207
233,720575940616688930,720575940616688930
234,720575940623325661,720575940623325661
235,720575940627777067,720575940627777067
236,720575940628584954,720575940628584954
237,720575940615290279,720575940615290279
238,720575940636712774,720575940636712774
239,720575940641948661,720575940641948661
240,720575940642843848,720575940642843848
241,720575940624949379,720575940624949379
242,720575940622628075,720575940622628075
243,720575940614687931,720575940614687931
244,720575940629607696,720575940629607696
245,720575940641240205,720575940641240205
246,720575940626850247,720575940626850247
247,720575940634331036,720575940634331036
248,720575940634879845,720575940634879845
249,720575940645104840,720575940645104840
250,720575940610053827,720575940610053827
251,720575940629376528,720575940629376528
252,720575940630879548,720575940630879548
253,720575940627665513,720575940633560095
254,720575940613323378,720575940633183628
255,720575940621316443,720575940621316443
256,720575940621705537,720575940621705537
257,720575940615522706,720575940615522706
258,720575940620795784,720575940620795784
259,720575940635169888,720575940635169888
260,720575940631098172,720575940631098172
261,720575940617631574,720575940617631574
262,720575940617883003,720575940617883003
263,720575940635359127,720575940635359127
264,720575940615028143,720575940615028143
265,720575940628192359,720575940628192359
266,720575940613783277,720575940613783277
267,720575940640550563,720575940640550563
268,720575940619918203,720575940619918203
269,720575940642533083,720575940625062325
270,720575940615827980,720575940615827980
271,720575940623894825,720575940623894825
272,720575940621309110,720575940621309110
273,720575940616663602,720575940616663602
274,720575940614792744,720575940614792744
275,720575940622856780,720575940622856780
276,720575940621353793,720575940621353793
277,720575940623382237,720575940623382237
278,720575940616608454,720575940616608454
279,720575940620851777,720575940620851777
280,720575940631146716,720575940631146716
281,720575940604584416,720575940604584416
282,720575940637329754,720575940637329754
283,720575940610983091,720575940610983091
284,720575940617672790,720575940617672790
285,720575940628119339,720575940628119339
286,720575940605797222,720575940605797222
287,720575940628394455,720575940628394455
288,720575940613355175,720575940613355175
289,720575940603596972,720575940603596972
290,720575940610120405,720575940610120405
291,720575940619321157,720575940619321157
292,720575940628694394,720575940628694394
293,720575940636772014,720575940636772014
294,720575940621374374,720575940621374374
295,720575940614047890,720575940614047890
296,720575940624677303,720575940624677303
297,720575940621673852,720575940621673852
298,720575940633506667,720575940633506667
299,720575940620308416,720575940620308416
300,720575940627091006,720575940627091006
301,720575940638264629,720575940616992454
302,720575940627221763,720575940627221763
303,720575940618660765,720575940618660765
304,720575940616047249,720575940616047249
305,720575940625967390,720575940625967390
306,720575940627322923,720575940627322923
307,720575940629791563,720575940629791563
308,720575940617333249,720575940617333249
309,720575940623004563,720575940630799810
310,720575940617208251,720575940617208251
311,720575940629784219,720575940629784219
312,720575940618833112,720575940618382292
313,720575940618446296,720575940618446296
314,720575940620593780,720575940620593780
315,720575940610891618,720575940613589657
316,720575940620997396,720575940620997396
317,720575940625802841,720575940625802841
318,720575940635455679,720575940635455679
319,720575940624611405,720575940624611405
320,720575940626949834,720575940626949834
321,720575940614530866,720575940640882264
322,720575940622984957,720575940622984957
323,720575940624085991,720575940624085991
324,720575940634603930,720575940634603930
325,720575940642024437,720575940621806574
326,720575940636036532,720575940636036532
327,720575940631158487,720575940631158487
328,720575940636217012,720575940636217012
329,720575940634166242,720575940634166242
330,720575940616260146,720575940616260146
331,720575940629577475,720575940629577475
332,720575940618703636,720575940618703636
333,720575940617516689,720575940617516689
334,720575940626339405,720575940626339405
335,720575940628286888,720575940613668778
336,720575940617151861,720575940656154273
337,720575940627511582,720575940627511582
338,720575940633614253,720575940633614253
339,720575940638602842,720575940638602842
340,720575940629046377,720575940629046377
341,720575940623987214,720575940623987214
342,720575940628321284,720575940628321284
343,720575940618758592,720575940618758592
344,720575940627619687,720575940627619687
345,720575940618964672,720575940618964672
346,720575940627322627,720575940627322627
347,720575940632798177,720575940632798177
348,720575940632423439,720575940632423439
349,720575940627767568,720575940627767568
350,720575940617893789,720575940617893789
351,720575940629162551,720575940629162551
352,720575940625256732,720575940625256732
353,720575940626893258,720575940626893258
354,720575940633527085,720575940626839600
355,720575940617487477,720575940617487477
356,720575940611128818,720575940611128818
357,720575940614400415,720575940614400415
358,720575940617315329,720575940617315329
359,720575940618712523,720575940620924619
360,720575940620009069,720575940620009069
361,720575940620743151,720575940620743151
362,720575940623957432,720575940623957432
363,720575940626811497,720575940626811497
364,720575940629154108,720575940629154108
365,720575940630017275,720575940630017275
366,720575940624485828,720575940624485828
367,720575940637453545,720575940637453545
368,720575940646151044,720575940646151044
369,720575940631760426,720575940628804424
370,720575940630725826,720575940630725826
371,720575940634619060,720575940634619060
372,720575940625733453,720575940625733453
373,720575940636303864,720575940636303864
374,720575940631057468,720575940631057468
375,720575940614544680,720575940614544680
376,720575940617218629,720575940617218629
377,720575940619460688,720575940619460688
378,720575940638193242,720575940638193242
379,720575940644342807,720575940610490819
380,720575940626822233,720575940626822233
381,720575940625527228,720575940625527228
382,720575940626625874,720575940626625874
383,720575940622141424,720575940622141424
384,720575940635554239,720575940635554239
385,720575940611396266,720575940611396266
386,720575940623184041,720575940623184041
387,720575940633750611,720575940633750611
388,720575940619296325,720575940619296325
389,720575940632891788,720575940632891788
390,720575940619017387,720575940619017387
391,720575940640438643,720575940640438643
392,720575940628913404,720575940628913404
393,720575940634033378,720575940642395381
394,720575940624054015,720575940624054015
395,720575940628275272,720575940615693474
396,720575940619997854,720575940619997854
397,720575940619303237,720575940619303237
398,720575940632640737,720575940632640737
399,720575940637511525,720575940637511525
400,720575940615649942,720575940615649942
401,720575940630396282,720575940620720088
402,720575940624089992,720575940624089992
403,720575940628884183,720575940628884183
404,720575940612079822,720575940625868519
405,720575940618147028,720575940618147028
406,720575940630575042,720575940630575042
407,720575940619373421,720575940628743441
408,720575940625063356,720575940625063356
409,720575940633021580,720575940632404555
410,720575940614465517,720575940614465517
411,720575940634280674,720575940634280674
412,720575940613204650,720575940613204650
413,720575940624437700,720575940624437700
414,720575940622336280,720575940622336280
415,720575940626629732,720575940626629732
416,720575940624996298,720575940624996298
417,720575940616740130,720575940633169479
418,720575940614497734,720575940614497734
419,720575940638247357,720575940638247357
420,720575940618683339,720575940618683339
421,720575940634931225,720575940634931225
422,720575940619927710,720575940619927710
423,720575940625816153,720575940625816153
424,720575940628512143,720575940629434118
425,720575940611405102,720575940611405102
426,720575940616311007,720575940616311007
427,720575940614385554,720575940614385554
428,720575940612993191,720575940612993191
429,720575940630607354,720575940630607354
430,720575940605465888,720575940605465888
431,720575940617584273,720575940642592475
432,720575940641791989,720575940641791989
433,720575940644682952,720575940644682952
434,720575940632707944,720575940632707944
435,720575940635535511,720575940635535511
436,720575940624363144,720575940624363144
437,720575940616843718,720575940632388370
438,720575940625229291,720575940631706105
439,720575940638892351,720575940638892351
440,720575940610433987,720575940623139610
441,720575940627710992,720575940635960255
442,720575940625508610,720575940625508610
443,720575940640123726,720575940627285860
444,720575940625911054,720575940621570496
445,720575940642484109,720575940642602203
446,720575940619962417,720575940619962417
447,720575940618902100,720575940618902100
448,720575940630737516,720575940630737516
449,720575940622724521,720575940622724521
450,720575940618819668,720575940618819668
451,720575940618797981,720575940623619805
452,720575940616298470,720575940616298470
453,720575940610507618,720575940610507618
454,720575940624783760,720575940624783760
455,720575940621591792,720575940621591792
456,720575940611429233,720575940611429233
457,720575940615121570,720575940615121570
458,720575940627851657,720575940627851657
459,720575940611794894,720575940611794894
460,720575940635962223,720575940635962223
461,720575940614259679,720575940614259679
462,720575940632921144,720575940632921144
463,720575940620024641,720575940620024641
464,720575940620884062,720575940620884062
465,720575940624279629,720575940624279629
466,720575940625423618,720575940625423618
467,720575940625684569,720575940625684569
468,720575940626163837,720575940626163837
469,720575940626710547,720575940626710547
470,720575940628030567,720575940628030567
471,720575940632940627,720575940632940627
472,720575940628729722,720575940628729722
473,720575940618824021,720575940618824021
474,720575940627911579,720575940627911579
475,720575940629730064,720575940629730064
476,720575940616072081,720575940616072081
477,720575940619378624,720575940635679127
478,720575940626760872,720575940626760872
479,720575940626779304,720575940626779304
480,720575940631307339,720575940631307339
481,720575940622785207,720575940622785207
482,720575940627496847,720575940627496847
483,720575940615896971,720575940615896971
484,720575940620777153,720575940620777153
485,720575940621650175,720575940621650175
486,720575940622404120,720575940622404120
487,720575940623725035,720575940623725035
488,720575940625552003,720575940625552003
489,720575940625811096,720575940625811096
490,720575940628047363,720575940628047363
491,720575940628509306,720575940628509306
492,720575940629252815,720575940629252815
493,720575940631057223,720575940631057223
494,720575940634505720,720575940634505720
495,720575940637025855,720575940637025855
496,720575940644343968,720575940613630105
497,720575940615041711,720575940615041711
498,720575940638410099,720575940638410099
499,720575940632845476,720575940632845476
500,720575940612524261,720575940631370460
501,720575940626263373,720575940626263373
502,720575940614450157,720575940614450157
503,720575940629677929,720575940621784923
504,720575940624910855,720575940624910855
505,720575940628912636,720575940628912636
506,720575940605476994,720575940605476994
507,720575940607527947,720575940607527947
508,720575940624344358,720575940627732313
509,720575940603397088,720575940603397088
510,720575940651521782,720575940651521782
511,720575940620393142,720575940620393142
512,720575940633211217,720575940633211217
513,720575940619308820,720575940619308820
514,720575940627104258,720575940627104258
515,720575940619983518,720575940619983518
516,720575940621413467,720575940620149371
517,720575940622497630,720575940622497630
518,720575940617975675,720575940617975675
519,720575940639755891,720575940639755891
520,720575940628476392,720575940628476392
521,720575940622660490,720575940622660490
522,720575940616850333,720575940634642658
523,720575940617944379,720575940617944379
524,720575940631408159,720575940631408159
525,720575940619181551,720575940619181551
526,720575940634064831,720575940634064831
527,720575940628787052,720575940628787052
528,720575940624999370,720575940624999370
529,720575940632477101,720575940632477101
530,720575940618167645,720575940612276322
531,720575940630541050,720575940630541050
532,720575940611712632,720575940611712632
533,720575940616207628,720575940616207628
534,720575940632834188,720575940632834188
535,720575940632102930,720575940636624120
536,720575940625914501,720575940625914501
537,720575940616455261,720575940616455261
538,720575940637321870,720575940637321870
539,720575940618945872,720575940618335961
540,720575940624774839,720575940624774839
541,720575940609125641,720575940609125641
542,720575940622649633,720575940622649633
543,720575940632267112,720575940632267112
544,720575940633513645,720575940633513645
545,720575940623184167,720575940623184167
546,720575940615746316,720575940615746316
547,720575940620198571,720575940620198571
548,720575940625493385,720575940625493385
549,720575940630098284,720575940630098284
550,720575940635529464,720575940635529464
551,720575940636261488,720575940636261488
552,720575940616355028,720575940616355028
553,720575940630610488,720575940630610488
554,720575940624304423,720575940624304423
555,720575940604616806,720575940604616806
556,720575940611351514,720575940611351514
557,720575940628951166,720575940613151706
558,720575940611914850,720575940611914850
559,720575940638764403,720575940638764403
560,720575940616461173,720575940616461173
561,720575940641422221,720575940641422221
562,720575940620689136,720575940620689136
563,720575940627632745,720575940627632745
564,720575940611428977,720575940611428977
565,720575940625334970,720575940625334970
566,720575940620233966,720575940620233966
567,720575940622440461,720575940622440461
568,720575940626140164,720575940626140164
569,720575940634061779,720575940634061779
570,720575940625458064,720575940625458064
571,720575940658655873,720575940658655873
572,720575940607401138,720575940607401138
