bodyId,,,,,,
5813021480,,,,,,
5813021666,,,,,,
5813021615,,,,,,
5813011660,,,,,,
516055524,,,,,,
543692985,,,,,,
5813061112,,,,,,
1072063538,,,,,,
912601209,,,,,,
5813064410,,,,,,
5813049966,,,,,,
5813022826,,,,,,
5813021943,,,,,,
573414975,,,,,,
1811012154,,,,,,
5901217539,,,,,,
666847851,,,,,,
5813126319,,,,,,
1376485417,,,,,,
697882667,,,,,,
852724544,,,,,,
5813047685,,,,,,
1008253493,,,,,,
1128572709,,,,,,
1079143870,,,,,,
1069607310,,,,,,
666843305,,,,,,
545389295,,,,,,
575409523,,,,,,
1596811105,,,,,,
792369310,,,,,,
419908058,,,,,,
1096894260,,,,,,
1129306180,,,,,,
976187276,,,,,,
821340054,,,,,,
1159262177,,,,,,
1869417384,,,,,,
1005174948,,,,,,
5813021482,,,,,,
1037915305,,,,,,
5813027655,,,,,,
1006539760,,,,,,
1158657609,,,,,,
1005542502,,,,,,
605775210,,,,,,
5812982566,,,,,,
511681569,,,,,,
5813020118,,,,,,
671285134,,,,,,
667189309,,,,,,
853070023,,,,,,
728926409,,,,,,
821345327,,,,,,
977214624,,,,,,
945483923,,,,,,
852046834,,,,,,
604460198,,,,,,
5813021485,,,,,,
944470061,,,,,,
5812983703,,,,,,
1313115622,,,,,,
1220343010,,,,,,
5812982573,,,,,,
1846117779,,,,,,
1411966000,,,,,,
1313538112,,,,,,
5813062225,,,,,,
911332304,,,,,,
5813058431,,,,,,
974843957,,,,,,
5812980662,,,,,,
543702186,,,,,,
696881909,,,,,,
5812981763,,,,,,
543365264,,,,,,
573410968,,,,,,
695862470,,,,,,
1159262075,,,,,,
1158631810,,,,,,
5813087839,,,,,,
1565923309,,,,,,
1158644769,,,,,,
479969687,,,,,,
5812979048,,,,,,
974498491,,,,,,
974839683,,,,,,
1036546847,,,,,,
1910886083,,,,,,
974498400,,,,,,
5812983942,,,,,,
5901227104,,,,,,
1190339995,,,,,,
1190340083,,,,,,
5813016743,,,,,,
974498485,,,,,,
1005520576,,,,,,
5813021874,,,,,,
5813021882,,,,,,
820662203,,,,,,
883415238,,,,,,
5812982278,,,,,,
454335501,,,,,,
5813078595,,,,,,
480997558,,,,,,
5813011738,,,,,,
5813019543,,,,,,
295461570,,,,,,
512023157,,,,,,
450597298,,,,,,
389536926,,,,,,
486410031,,,,,,
790305346,,,,,,
946495259,,,,,,
479969106,,,,,,
852738675,,,,,,
5813056020,,,,,,
5813040731,,,,,,
5901208549,,,,,,
1287645091,,,,,,
577123102,,,,,,
796056661,,,,,,
5813056028,,,,,,
764339062,,,,,,
5813011717,,,,,,
796061060,,,,,,
729957687,,,,,,
450617762,,,,,,
695862470,,,,,,
667538952,,,,,,
573410968,,,,,,